month,revenue,quantity,transactions,revenue_change,moving_avg
2024-01,3089.87,13,5,,3089.87
2024-02,2409.82,18,5,-22.00901656056726,2749.8450000000003
2024-03,4759.8,20,5,97.51682698292818,3419.83
2024-04,3129.88,12,5,-34.24345560737846,3433.1666666666665
2024-05,2849.87,13,5,-8.94634938080694,3579.85
2024-06,3249.81,19,5,14.033622586293415,3076.52
