rank,product_name,quantity,total_revenue
1,Laptop,11,10999.890000000001
2,Monitor,7,2099.9300000000003
3,Desk Chair,7,1399.93
4,Keyboard,17,1359.83
5,Chair,9,1349.91
